User_mentions,count
lhmenendez,1
historiademoral,1
unesco_es,43
orgsoriana,1
educautor,1
umaristamerida,3
utadeo_edu_co,3
tuffiare,1
mfespinosaec,25
aambros,1
linaarbelaez,1
fundacioncepaim,8
ckundaa,5
paco_cervera,1
rsenlajusticia,15
mpanamaoea,4
iberbiblioteca,3
imolman,4
clgfdsg_lslack,3
somesparreguera,1
arroyopaloma,3
ddbourne,1
silviawsh,1
madresdeldolor,1
caicongresocdmx,1
unsdsn,2
begomafe,2
impacthub,1
adolfo_borrero,1
bbvainnovation,3
selainforma,11
fash_revchile,2
amoyafoss,4
fabhuelva,15
cifelarioja,8
fcdsorg,1
aliciaselles,1
mauriciojaramil,1
cedrssa,1
worldresources,1
revsupuestos,4
tfa2020,2
comisionodsrd,3
auciuruguay,4
ctaok,1
abogacia_es,1
agorarsc,5
hicpresident,3
osostenibilidad,1
gablozano,1
brsmeas,1
alvpenper,1
elecgalapagos,1
acnuramericas,3
csinbarreras,1
forus_int,1
mercasa_mercas,7
jjln0468,2
globalgoalsun,39
bd4dnetwork,3
belindareyers,1
agarcialopezl,1
miguel_alejo_,1
lfarras,1
climateplancity,1
oporcesible,1
fundmamonal,3
galapagosmintur,1
atlantic_copper,10
inthemovees,8
blancagomara,1
bmwfoundation,1
mancondado,3
aliadosxlaninez,1
canalcapital,1
mauriciomacri,2
vikyvilarino,1
venezuela2060,15
sgliss1,2
urbam_eafit,1
sdsn_trends,27
proturbiomar,1
hab_sostenible,1
merperezmillan,1
onudi_conosur,1
fadjuventud,6
bluegrowthvigo,1
efeverde,5
msdespana,16
greg_wyler,1
fmbbva,10
saionarakr,1
oitandina,1
unfpapy,1
acnursuramerica,6
loyolaand,4
delcomval_ue,11
unfccc,4
revistaretosups,10
lab_ecoinnova,40
abc_es,1
marianamxe,1
educantabria,3
juanfcoayala,23
fdycs,3
ieslasendagtf,2
undp_art,1
crowneplaza,1
tbd_community,1
manueljesusf,23
connectsdgs,1
ods5,1
cesareoarnau,1
anifco,1
gandradep,13
e_lopez_moreno,3
cepymenews,4
agenciaeduca,1
canal5,1
cermicv,60
oit_,1
monberini,6
neidyclavijo,3
andresgutileon,2
ciedur,5
duranbaronti,1
pilarbernado,5
gobiernotachira,1
pp_veras,24
foroqys,8
cjurworld,4
foroempresasmad,1
madresxelclima,1
s,10
troposfera,6
embacubabelgica,4
carlosmcabo,4
plasticoceansmx,1
espanaglobal,1
inevenezuela,1
jurquizar,2
trafigura,1
ori_saludglobal,7
maquitabolivar,1
lazoedu,1
otdchile,2
josecarlostecno,1
puertodelacruz,1
ngarciacasarejo,4
alecamargoort,1
lineamadrid,18
ana_antolin,6
vistagearg,1
mapagob,3
natixisim,2
cantabriaes,1
bbk_behatokia,2
ashokaspain,16
fundaciondrmm,7
amgnmx,2
undppa,12
blogsostenible,7
dipusevi,1
aapesteguia,7
ieshispalis,1
emasagra,10
capturgal,1
ferrovial,1
dirigentesdg,1
feproami,4
peius,1
sanidadgob,1
gotechmadrid,1
sintrabinfantil,11
aytolalaguna_es,1
fundacion_oasis,4
emotionaldrivin,5
alesew23,1
ameprosce,2
icexcolombia,2
cathycummings_,2
aguadequito,1
richardhowitt,1
carobotero,1
mjprados,1
rsencuentro,10
congresoib,3
marhotelsgroup,10
vyabio,1
mercedesgraciaa,5
elespectador,2
julumbreras,3
arovia,4
laqi_quality,5
infocepei,137
liliana_arroyom,1
presidenciacuba,2
fbiodiversidad,1
gretathunberg,5
ipg_chile,1
amycosongd,1
educaixa,2
jorgesolana,2
diba,3
hosteltur,1
faoelsalvador,10
pfuturaec,1
coespohidalgo,5
rgildeprado,1
cedeuschile,4
juventudrd,2
fundacionavina,1
oea_oficial,9
danipatinoccoo,8
salyroca,2
pnudchile,54
pressdigital,1
cehehosteleria,9
gtcodeca,1
fesabid,6
daiesco,4
pacienteexperto,4
rodrigoarias14,1
needocom,2
madridlab,2
talent_net,1
_carozm,1
yaguarapanama,6
abelhibert,10
manenar,1
ueenmexico,1
c40cities,1
david_acostaz,1
dif_nmx,2
cequisard,4
activistaco,5
acrofobos,1
marn_sv,5
foretica,67
irslarioja,4
juanjoamate,1
meaneysuarez,1
rpl_ods,18
la_bancada,1
leguizamonml,3
tomaspg83,1
micittcr,1
creocorp,5
luis_ods,8
albertobelaunde,1
bibliodonihue,8
davidgvtierrez,1
economicas_unlp,2
blancaploz,1
latinlatas,1
amiqnet,11
ecohuella_com,5
iteijal,1
loyolaresearch,3
naspaa,1
contagiadx,1
progresomf,14
armenteros_luis,14
edwinminoar,1
qromunicipio,4
asocgaraje,9
santiagocambero,3
fundacionpablo,4
carolaschmidtz,3
emgrisa,5
alejandromaarq,1
utppanama,1
isabelasobras,1
meduca_panama,1
nicolasschmit2,1
sucrerrii,4
imta_mx,4
ojo_publico,26
alcaladguadaira,1
semcalvending,3
fcccolombia,2
helvetasbolivia,1
garbinelarralde,2
parlacen,11
ecoinventos,1
axsolidaridadco,1
autonomialocal,2
oscarfc777,1
planeta_futuro,17
dolorsaixala,7
mariagemaquint1,1
lucianamermet,6
inmitacs,1
fpasoslibres,9
improvechange,2
rcs_chile,12
viveromoratalaz,1
iambiente,8
sectormovilidad,34
stefanliller,8
magelsalvador,1
geekgirlslatam,3
centrocemextec,2
f_fundaneed,1
cuevasalv,6
hubprovidencia,1
injuvchile,11
kathryn_higgs,8
ciapadultomayor,1
servas_esp,2
sistemab,17
veronica_lerda,1
oitnoticias,58
newlinkgroup,1
mincomercioco,1
billycobbett,3
ekuischlaroche,13
jesusdelaosa,12
gbragatwit,3
menarini_es,2
tadeolab,3
deojeras,2
mabemolnar,1
groninty,1
planificable,5
michmuschett,14
eapccat,6
red_carolina,29
xavierribera,7
aragonabierto,12
aperezlo,1
fiisorg,1
renault_co,39
fcoepio,1
sostiti,1
downespana,2
sandrabtrigo,6
mcghieemma,1
mrodriguezarn,4
syntonize_,1
bergarakoudala,2
mirtagranda,2
miltonlab,1
segpres,1
evsfundacion,3
ypsilomrse,22
gobiernotucuman,1
iesfrojas,1
camilazepedal,20
sistemabiobolsa,1
ayuntamientovll,2
fet_puebla,1
jalexp1,3
pactomundialmex,9
_minecogob,14
lavozcomar,1
iracypsicologia,2
fedcr_oficial,3
plataformaalto,1
lydiaaguirre,2
bibliogalapagar,1
unc_cordoba,3
carmencampos_,18
johnemprende,1
coopnorandino,1
acostaide,1
fciudadania,7
womenecoforum,1
cesarpedrini,6
iesebschool,1
mariafergarciai,5
conductosalonso,2
elecodiario,1
ongawauni,18
aeromexico,1
visibles_org,5
minagricultura,1
shoppingdelsol,1
afrancorpo,1
grupoamavir,1
centrarse,4
malaga,33
huercasacountry,1
pserranoana,1
ciconiaeduca,1
equaltimes,5
atalinkata,1
0pobreziadonos,1
circuitcat_cat,2
accelerate2030,60
bcv_org_ve,2
apecchile2019,1
claudiambetancu,1
gsmalatam,1
josechuft,1
politikcorrecta,1
alcaldiademed,3
amexcid,66
javi_cubillas,1
andesco1,8
martinllaryora,2
aniiuy,6
educacion2020,1
fjgarayoaa,1
corpocaldas,2
comunideas_,1
fundacio_pimec,1
soycibelino,3
camarazaragoza,5
edirectburgos,3
provinciabas,13
mudejarico,2
icfhonduras,1
un_women,2
muniencarnacion,1
together_2030,3
jmdtetuan,1
jorgegiorno,1
rmiguelanez,2
cucagamarra2019,1
visionsusten,1
iberdrola,56
diestbdg,1
odsterritorioec,26
fernandobolado,2
econocimientoam,2
asinjastark,5
sust4in,2
jbatlantico,1
condeduquemad,1
arielguarco,1
presidenciard,3
sanjose_turismo,1
mdiazfuentes,1
alianzasmartlat,1
futurenviro,13
museojorgerando,3
meyerfalcon,1
economiadelagua,9
espana_colombia,1
jr_vozme,1
colibriefecto,4
onet_onechange,2
daniela_albero,1
jaimengol,1
adecpy,2
pisani_marcelo,1
icong_calidad,1
psoe_m,1
unescap,1
gabyrh,1
ciudademergente,1
iebschool,1
pernod_ricard,2
pablolabajos_ma,1
agroinformacio,1
rseonline,3
the2030vision,1
sabinalobato,4
diadevalladolid,1
aibgastro,1
muni_provi,2
uniauniversidad,7
sorayaalvarez19,1
craigleeson,1
rebecamarli,1
parodijuan,2
rockbotic_com,1
derecho_uam,1
jovenes,1
unisdr,2
emdvalldoreix,1
unv_rolac,31
santiagopinzong,19
unido,6
unenvironment,6
elkinvelasquezm,32
camilogranada,2
ieslaflota,3
bcorporation,1
ileanagarciac,2
openvaluefound,5
beurruti,5
diadeinternet,2
ayudaenaccion,6
maylopez27,3
txabito,13
amiifmx,6
eugenia_aq,3
jovenmania,1
paulinaacevedom,5
cancilleriaperu,1
as_uco,1
radiousach,1
cancilleriapma,11
hablemoscampo,1
biobiosfera,5
almanatura,5
agustifdelosada,5
inesvrios,12
paulinacarrizo,13
diputacionmlg,13
g7,1
centralasi,39
gesocac,1
escamun,4
nadiacalvino,50
mexonu,2
evaesereno,5
cparrasn,1
aytonavacerrada,2
syngenta_ar,1
ecorecicla_v,1
fundacionbd,5
paiscircular,1
evaluaalc,1
usa_tu_poder,23
sofiiortiz17,5
citiesalliance,3
blancanamero,2
felipevera,2
mfranco_uah,1
coordasindes,2
elpais_retina,4
cubadebate,1
xjusticiafiscal,2
senadoargentina,2
davidmardiaz,2
pazpyma,1
faeburgos,3
mvotma_uruguay,1
creandoredesre,3
teachamantofish,1
cbabarriosdepie,1
mediostec21_vva,1
comunicarse,4
sdsnbolivia,2
miriamalpizar1,11
laboratoriorg,6
btg_project,5
oepm_es,8
ceguayana,1
diasporadas,4
auditoriaagn,2
gvacooperacio,1
cemexespana,1
cremajadrozas,1
psoeex,1
revistasemana,2
proarbol,6
herman_amayat,2
seremieducrm,1
andi_colombia,3
oscarlopeztwit,12
europedirectval,1
cippec,1
gobiernofacil,1
meetarget_,1
mercociudades,2
misiononucol,2
coplade_goboax,3
mariaca611113,4
navarrodearango,8
morillas_a,1
fjabandonado,34
fernandovallada,40
sandraibadi,1
fundacionjaa,2
nlinpanama,1
sandraastetem,1
cultureroutes,4
youthspeakforum,1
aenor,7
dianasalinasp,1
tinamonge,50
juanlusanchez,1
coordiongd,7
vecinosmalaga,2
sanchezcastejon,63
cepsa,5
jjnucleares,1
agaviria,1
fundacion_bt,1
lachamba,1
yolligarcia67,1
fundacionrepsol,5
jesusalitabasco,17
allecelia,1
sencechile,1
claudiadobles,1
aebanca,2
fiaes_sv,1
belen_viloria,11
esfiab,4
lacasaytu,1
cooperacionesp,5
tvnnoticias,1
applikonmexico,1
onumujeresgt,2
macuarmisen,10
petrogustavo,1
abg_galapagos,1
cedhslp,1
joseaguerra,1
osdesorteteam,1
azucenamartip,1
uesevi,15
jaranama,3
ilpeinclusiva,4
youtube,20
solano,1
aquavall,1
garrido1964,5
unicefchile,8
socialnest_org,5
acofop,4
bancogalicia,1
aracelimavi,1
sandralpezvergs,1
cooperativa,1
onumedioamb,17
infouex,1
alastria_,12
cuena_vilches,1
cnseinfo,4
orainingurumena,2
fundacom_lat,5
unesco,17
redac_ddhh,5
technovation,2
mercosur,28
edudesarrollo,6
iglesiasdecuba,1
fer_kobaiin,3
filac_,6
faocuba,5
rafamerinero,1
jcarlosgonz,23
unacemoficial,1
cruzrojatoledo,2
radioviajera,4
vdelsunidas,3
scout_es,4
ginnarodriguezr,3
actuaupm,2
elena_ggarcia,1
maiderunicef,1
theworldslesson,1
codensaenergia,1
s_rafaelnebrija,3
oitconosur,2
ecodes,83
urbaser_,6
jjrios_bogado,1
maristasccv,2
diariosustentab,1
dgeecpy,25
habitat_intl,1
contodoytriques,2
sossemana,1
wfuna,1
fundacion_seres,13
javiramossancha,7
carozatarainv,3
jasanahuja,1
ministeriosalud,1
consejomcaba,14
goboax,2
prosociedad,1
cordobajuank,4
luichigadea,4
gabrielaortuzar,1
alvaroandradeec,6
paujournaliste,4
davidbeckham,1
mttchile,2
airismartinez,2
biosphere_rti,7
bwjetzt,3
respsolidarias,8
cvcerronorte,1
ricardoduenasec,1
derechouchile,6
valnea_bernal,16
angelamig_soy,1
observarse_,1
mirkosalfate,9
los18org,147
inesmchapman,1
evagalanmoya,3
comunicacactiva,6
modessv,1
sbalbornoz,2
intaagroind,1
carlosmataix1,13
iuzaragoza,1
gabsocialrd,3
jgarcia_javier,5
jdviola,8
alonsoriveram,22
fomentogob,1
fbancosantander,1
unicef_madrid,1
upvehu,1
vriverareyes,2
fabianpdk,7
foroconsultivo,3
aguadiana,4
utpl,25
netflixlat,1
conversation_e,1
abceconomia,1
alodica,1
visionresponsab,31
uicuba,1
gustavobolivar,1
revistanyp,1
congdrmurcia,3
fcbolivar1,1
facesuc1,1
uncuyo,1
concertacion_pa,11
icscomunicacion,2
internacionalum,9
twitsdepablo,1
renarececuador,1
leonardombaez,3
unescohn,1
proantioquia1,7
beembassybogota,15
fundacionmainel,2
oecd_centre,1
laruecaas,14
laradiodelsur,4
ayto_sevilla,1
minsegpanama,1
ideas_es,2
cepymearagon,4
jaimeuned2,1
aulamarmlg,1
linterna,2
leonardoizquie8,1
jvillasanad,1
cruzrojacordoba,9
compromisorse,22
jcelada,5
caja,1
etsidi_upm,2
ljarava,1
faoamericas,17
ayto_cmediano,2
arias_pando,1
uchileradio,3
gijon,1
faodominicana,3
mariagmonagas,1
considerapl,7
evapiera_madrid,2
cideu,28
juvagrariacba,1
camaracip,4
maorodriguezgon,235
elarkidelbarrio,3
reginacc_,2
natgeoeducation,1
elac_cepal,1
jlyzuel,8
ophi_oxford,1
asibeam,1
josebaegia,1
evsustentables,1
oimchile,108
miwiclavera,1
heidyvilluendas,1
jor_solutions,1
achmchile,1
fcajamurcia,2
min_ciencia,1
pactoglobal,33
fmayorzaragoza,1
andreslabella,4
fundacionfade,12
ucci_sg,3
proyectoallas,2
santanderrio,1
moralzarzal,2
msalesianas,8
oxfamintermon,2
jardibotanicuv,1
luciaalvarez,2
joandbaena,3
mepydrd,34
extransp,1
colsangregorio,23
cesta_at,1
wbg_education,1
giaupm,3
cextremadura,4
juanmanzurok,33
fpilares,2
aerogalapagos,1
madodibe,1
iaf_aragon,9
aexcid_,8
manupleguezuelo,1
spsindromedown,3
oteguileo,3
diputadosar,10
longinosmarin,3
aef_fundaciones,13
pealmeria2030,5
hernandezmack,2
flaviofuertes,2
siopino,11
jberdeguefao,1
ciebolivar,1
hiperbarichpp,9
suezes,6
donosticup,2
embajadaespcol,1
editaola,1
funddelvalle,3
nyucic,1
heineken_escorp,3
rosasiles,2
cruzrojasevilla,1
essforumintl,2
fima_chile,1
inegi_informa,4
mluisalmunicio,3
c5_cdmx,1
m2c_estrategias,8
cre_villalba,3
jdelosnietos,4
anabedia,2
gabrieldeler,18
raquelmanzaner3,2
consorseguros,9
ifla,12
mujeres_acceso,1
meteogalicia,1
wakelet,7
alexinhoarci,1
uc3m,2
ldipietroods,2
svxmx,1
ximopuig,1
ongd_cerai,2
mineducaysen,1
juventudlac,1
telefonica,1
bramaccimmyt,26
folucoalition,2
pichinchagob,1
aplicacoop,1
educamerida,3
rriimunicba,3
marianoalvar,10
rananos,6
sedatu_mx,3
evelynmatthei,3
europarl_es,1
mariokatzenell,1
delegacion_upm,1
ambienteysoc,5
fatimasantiagom,1
raulsan1998,1
elpcm,1
fempcomunica,2
atlantida_ma,2
swedeningt,1
issac_alonso,4
capacitarse,18
inexsos,4
msaludtuc,1
azpeitia68,2
noticiasonu,5
ormurcia,1
monkeyklan,2
ferminquinones,15
saezatxa,1
movstem,2
paulalvarez,1
essity_latam,1
ungrd,7
aliciasanchezg,1
gipuzkoacoopera,1
conadernapy,2
upeceuta,2
jansoli33017772,1
jvlpez,14
nanetegarces,1
unesco_mab,22
universidadean,5
cooperama1,1
cifalmalaga,65
novacadpucp,3
interfresa,30
mairacabrini,2
veeduriabogota,1
uv_eg,4
cloticuellar,9
mjcalvimontes,4
unisdr_americas,6
cwpanama,1
faoespana,5
wim_peru,1
erikatorregrosa,2
lariojacom,1
enagas,4
ambientalers,2
udeceshorade,6
pabloaiglesias,1
comisionamadrid,1
aridjclm,1
cocacola_es,3
ueenecuador,1
unfpacolombia,33
juntaex_cultura,2
roberuiz2,6
sconvivencia,1
salutmentalcv,6
natacarbonell,59
mgarciab01,2
onu_panama,2
superllisti,1
lapalmabiosfera,4
algaenergy,1
elsistema,18
sellofairtrade,68
ruv_mex,1
cancilleriaec,2
ecoklas,2
industcreativas,1
equoarganda,10
sergiomayerb,2
redandaluzaccc,6
ciudaddelsaber,1
alicanteplaza,3
redongdmad,6
infohidralia,19
aiep,3
flipgrid,1
dpnargentina,3
montes_mnatural,3
guykawasaki,1
unicefcyl,2
suni_sanchez,3
camposevensat,1
cermicantabria,25
agostogabriela,39
funcavidgal,2
fundamedios,2
leroymerlin_es,7
acciondeongs,35
epedrini,3
digiculturizar,9
unescosanjose,1
dralfonsovidal,1
prensalatina_cu,1
morganabogados,3
mdecastrosanz,1
canvasrsc,7
josecarlosrguez,1
javierrdelgadi1,1
armaroto12,1
mediapostspain,5
patextremadura,1
somoshojaderuta,1
globalshapers,1
adellagiovanna,2
aiesecspain,1
cermi_estatal,55
sagradasevilla,11
jessicaespey,1
moisnavarro,1
gefmontana,2
unescoetxea,7
stefanomanservi,47
juralde,2
forocilac,1
uecoe3,4
jlgranda,1
juventud_parla,3
ftelefonica_cl,4
josemariapuerta,2
aciuti,1
noemitorollo,3
familiarbanco,1
up_aupex,11
theiirc,1
noedutic,1
trabhumanitario,2
ocdeenespanol,3
fontagrodigital,1
coderdojobag,1
mercosur_upm,11
prazapublica,3
frubiotorgler,8
ecoembes,2
balonsoolano,1
yhojan_vasquez,1
ifla_lib4dev,14
dirdgamdi,108
eubic,7
manuel_arenilla,10
ey_argentina,12
clacfairtrade,5
aulasods,24
portalento_,51
manuelgpascual,3
vg_berdintasuna,1
ahorapodemos,6
jovenesyods,14
rm_presidencia,13
obslarabida,2
ucxv,1
ethelseguradc,2
amparomarcogual,23
vicerdo,1
beelahumada,16
servasi,1
suezchile,1
onuhabitatbol,24
volyestrategia,37
pacodelatorrep,35
ferfollos,1
pactomundial,243
blancadel,3
stefanialat,6
jcorus,7
bbvabancarespon,1
sincorbatatvn,1
gusinsau,2
lacity,1
ccongcolombia,1
earthdaynetwork,2
imaciasaymar,1
carluisjm,1
mayra_castrov,2
conasav_sv,5
bancoalimentosq,6
ottosonnenh,625
aytolagunaduero,3
grupolignis,3
impacthubccs,27
rosamariasuar17,1
ruthparticipa,10
jolerestrepo,1
jedeutu,1
mantulopez,2
eransas,1
unvolunteers,11
univcadiz,1
autismo_espana,2
luis_macua,1
eventbritelatam,1
lenin,111
juventudelforo,2
alegallardo28,1
inegi,1
julian_dangelo,29
inclusionec,1
m_viota,2
pereiraolmedo,32
ebanjul,5
mercedesas99,2
addysthen,6
porceuta,2
cespatolero,3
iesarenasdesanp,1
intainforma,1
los_ods,1
nestle_es,3
jj42757622,2
albagoy,6
patribaldaccini,2
jterrades,1
thekootneeti,6
ponchoromo25,2
humana,1
pablo,1
journal_un_onu,1
gomezgras,3
urosario,1
la_network,12
laliga,1
soygtioficial,1
raycazorla,1
innovaspain,1
sedesoh_goboax,61
ovaissarmad,24
bancociudad,1
ukincolombia,1
portalcnm,1
cirdcapacita,7
globalcompact,24
murcia_tip,3
_cadef,7
gipsolidarioa,2
ibercaja,9
los_cuartos,1
redac,5
juliuslaetus,1
intendencialbo,1
josemapalomares,5
65ymuchomas,2
gerardowijnant,5
redcomovamoscol,3
clima21_ve,12
onu,2
mahousanmiguel,14
aeccbalears,7
midesuy,10
oecd,2
appco_es,1
gptw_colombia,1
cinubogota,5
radiocatolican,1
carolinaesne,4
xunta,3
mop_chile,1
grupo_envera_,1
feschile,3
alonsohuerta,1
ilunion,8
abbenecuador,3
mmendizabal1,1
pedromal,1
unescomexico,9
horaciomartino,4
aragonabadal,2
taxiesapp,5
jeanneholm,2
angelicadass,1
forgender,1
unijaveriana,4
magitoto,2
sdglabschools,1
mmachile,4
udeconcepcion,4
cercaniasvlc,1
dentsuaegises,2
unops_es,1
creaculturarsc,8
claraarpa,3
cut_brasil,6
comunidadmujer,1
timeshighered,4
ecoacsa,2
cambio2030_,3
actitudciudad,1
futuroencomun,6
proyde,8
manuel_rodb,3
achcolombia,1
fotocasa,1
africanoes1pais,2
worldgovsummit,5
oea_parlamentos,3
secgeneralcba,5
chrisrive97,4
sinnple_consult,4
ferrerorocheres,2
noreymakuquigua,20
angelicalozanoc,1
rgenomica,2
urjconline,1
senacomunica,1
gagroamb,4
ondarural,5
redrunacional,2
frandonososilva,3
bosqueurbano_,6
weconnection_la,2
beaboru,1
fundesyram,1
sgsisca,1
fundasitio,1
esgarfer,2
usatupoder,1
pradpi,3
elyxyak,2
cruzrojalp,4
aguaseguraec,1
aibrah,2
wdaza,47
csregionmurcia,1
azlogica,1
en_realidad_cr,1
bechallengeio,1
heraldoes,2
litapaparoniunv,3
eldia,2
laura_publisher,1
idealista,1
fergranizomur,1
marisagomezcres,2
deres_rse,2
32alvarogarcia,12
cecilia_buffa,2
sinfra_goboax,13
unloficial,6
sustentur,1
academicainea,7
cantabria_rural,1
cfie_ponferrada,1
investigautpl,4
fundacionsantos,2
joseluispalau,6
alevigo,2
fscmexico,3
braverjessica,3
explorerbyx,5
cinumexico,1
luisherrera507,4
rafaelfreyre,2
cancilleriaarg,5
cristianlondono,1
el_pais,30
cenicspanama,4
oibescoop,2
educacion_ec,1
mscastaner,7
trsa_rrhh,1
lgaidule,2
pucmm,3
jschiaretti,1
pablomartin78,7
pnud_mexico,10
mauriob,1
gizaldegb,2
feique_reach,17
ceresita_blog,3
isaipa13,1
cecodes,6
elsalvador_cole,2
jdallo,1
dircomgal,3
cojucoop,1
bbva_colombia,1
fdnc_es,1
treporta,1
plasticoceans,1
martorellester,9
sedescolcolima,1
samsungespana,2
csa_tuca,8
arielgarciaucr,24
filotb,2
gadsantacruz,1
pcmperu,1
peru_sostenible,1
oficinaverdeuz,13
minamperu,2
valeduran,9
consejoagricola,3
leticiasumu,1
carlos_hidalgo1,16
cofides,3
canalvertice,1
ifla_mlas,1
uniandes,30
isanpico,2
repdelcacao,7
cra_nebrija,1
ueenparaguay,17
metricarts,1
astrazenecaes,1
loliricog,2
turismoec,1
deb_invexcuba,8
uxpa01,22
endava,1
fermaragano,1
agenda2030dpn,11
lum_unimodelo,1
tenbuendia,2
onuecuador,29
plataforma50,1
montessinplast,2
chemspain,1
d_maestrotorres,7
aragonempresa,3
palomagarciamar,6
hasbunalex,9
magda_sepul,1
itdupm,88
clickoala,1
muni_renca,1
pembarcelona,1
gandradel,1
el_oriente,3
cutchile,50
incatema,4
implanpuebla,1
acnuunacuba,8
fundsjdinvest,28
cdhqroo,4
drrobertomojeda,1
tengo_hogar,1
igualtatuv,2
chema_vera,1
social_icade,2
mataderomadrid,1
oneweb,1
pactocolombia,58
udelpacifico,7
kfccolombia,25
fundlacaixa,9
juanroyoabenia,4
reconciliacol,18
ecopost_info,3
sre_mx,49
estrategiastv,1
arcelormittales,11
juanmansantos,1
fudela_ecuador,4
m_ebrard,1
cepyme,4
pacoangelm,1
joscarcastilla,5
labuenatarde,1
caixaforum,1
la_upm,92
luciano_180o,1
monterosaanna,1
feriademadrid,15
julialandazuril,1
upm,5
antoniollorsi,4
elconciertoplus,4
lizethmejorada,1
cdauchile,4
uam_madrid,2
opl1979,8
infouma,5
tequilasmart,2
ongawaclm,2
gobiernomx,19
focoinpade,4
lisset_pernia,1
amexhi_oficial,12
stevenstrogatz,3
agenciasust,1
gcba,1
senplatform,3
gpalacios,7
alhuertascobos,5
unab,1
descubrela_fp,31
auroravolant,2
senadobsas,1
nachocardero,3
redmatriz,7
worldruralforum,1
boinablancayb,1
balloonsblow,1
inia_es,4
feique_prensa,70
teresarodam,1
filbogota,7
aytomurcia,1
maimunahsharif,8
inap_es,1
rockeropy,3
aytoelpaso,2
educarchile,1
revengaing,6
ouad_unizar,2
miguelgomzgntil,13
haouadii,2
quintaporrua,7
car_alvarezdiez,1
wipo,1
xavipascual1,1
deporteyvida_,1
elpais_inter,1
bancoalimadrid,1
hotelsviva,8
clad_org,1
rscentro,1
noeliaruizalba,5
arrecifescoral,8
unitar,35
scoutsmsc,1
eco_503,1
globalheroesong,2
sandomendi,3
gomezangulo,1
embeseslovaquia,1
paulaarizpev,5
opendatawatch,4
isglobalorg,1
aytosalamanca,1
mutuamaz,2
delgobvg,77
bancosoloficial,5
iudcucm,10
fcsaude_udc,1
res2masu,3
ssocialesgob,15
julioandrade_ru,31
cde_unodc,15
saludmentalcyl,3
laveeshbhandari,6
minsa_panama,1
saishopkins,4
manueloteroiica,1
ignacio_alcalde,1
azaharatic,2
bancorepublica,1
gruponorte_es,3
pwc_spain,1
ivanfleon,1
gobmx,1
covri_org,16
germangranda,5
hindououmar,3
julisanzmamolar,6
pablo_iglesias_,6
cggalapagos,1
uprofesional,7
goteofunding,6
codelcochile,1
fearjaveriana,1
elpais,3
ccthader,10
grupofaro,14
jabonerooei,2
carlabonino,8
oda_esp,1
joseluisacedo,2
medioamband,1
vox_es,6
sevegodina,5
mdiosr,2
ciedes,5
titi_thompson,3
milenioheraldo,3
unrwa_es,1
marateda,1
marialuzagu,1
copeval_goboax,8
dipualba,1
gobdecordoba,1
juanicolas_in,5
cabildotenerife,4
ale_sepulvedap,3
pnud_venezuela,162
esthermcoach,2
grupo_coomeva,1
vidaenelcentro,1
kalydoscopio,5
uamcuajimalpa,1
travindy_es,5
fundacionbendi1,2
equo,1
gobercaldas,2
realestateearth,1
ielenar,4
accem_ong,10
nesiforum,186
vinuales81,8
revistaretema,22
star__gz,1
redespanola,36
patricistranger,1
arsenioescolar,1
bidcambioclima,13
mambiente_py,17
ceres_ecuador,3
canaldegobierno,3
ongdeuskadi,8
construccionfcc,2
_alpargate,2
elindepcom,3
sintradane1,1
econmiacreativa,2
inaimexico,7
j_iberoamerica,1
jjwestermeier,1
clustervivienda,1
andreuiranzo,1
dircomspain,5
eidolocal,1
marta_arce_p,1
worldbank,2
fundacionyuste,4
once_oficial,9
all_biotech,5
daperezm,1
debates2020,1
jkgacitua,3
iflalac,2
analimaf,6
startup_vlc,1
weeffectla,1
lideracambio,22
cer098,1
anticapimadrid,1
institutoiecah,4
nuriahersan,6
uclg_org,18
william_aquinor,1
rudischhausereu,2
jfernandezalava,1
kattykowaleczko,2
rodrigjg,1
revistaaral,2
ucabsustentable,1
emuasa_clientes,6
felicianovalen,1
angelamrobledo,1
jorgedreyes,1
ifla_librarymap,4
minminas,1
otsrural,7
climate_reality,2
berthaliciag,1
cfievalladolid,1
ovemundo,1
yankees,1
fcajavila,2
myrnacunningham,1
arisemx,2
makenmx,1
visionamazonia,1
ricartruji,1
iss_es,3
arquisoc,2
rvilasanjuan,1
hoyporhoy,17
mayogastro,1
elizmary8724,1
luisma_rodrom,1
rosacano3,6
carolinapenat,1
olbapgg,1
junckereu,12
joseacero,7
knotion,5
gemhsm,10
jisap_es,2
yeymimunoz,4
faaecolombia,3
mbellido,2
fundacionmelior,1
excelencia_comp,2
rubenricano,2
gramontani,37
iuc_lac,1
tinanava,6
total,20
aragon_fisc,2
riveravivanco_,1
jm_m63,1
radiorebeldecu,1
wef_es,1
aecid_guatemala,9
ubuestudiantes,17
ciudadmitikah,1
ideaspaz,8
policiabogota,1
albert_rivera,18
axsolidaridad,2
fol_ie,4
raulolivan,4
estsanchezucm,8
pedroj_cuestas,9
mluisatoribio,5
larepublica_co,2
inmabarcelo93,3
luketzimmer,1
rotary,1
rankia,2
fesdomingo,1
ethic_,11
analaura_qui,1
panicroom_,1
fondogalego,2
mariesq,14
onubolivia,2
gonvarri,1
cre_juventud,1
educbiobio,1
unicomplutense,9
elespanolcom,1
porsiete,4
wef,1
pabloruizhiebra,4
eldesconcierto,1
aecoc_es,5
josimarquessr,2
onu_derechos,2
jaimesilos,5
rmauriciovaldes,24
educaintef,7
ivankapb,5
parlamericas,2
marcaconvalores,3
dowiberica,1
estudiodesilvia,2
roldan_nilda,6
jesusmartinb,8
cgenfermeria,3
plasticseuropes,2
fj_merida,8
isostandards,14
is2030_chile,2
angelesherasc,1
elecomopuente,1
ciberespiral,1
elveps77,2
dsocialesmurcia,1
accion_empresas,1
diana_pastoriza,2
jica_direct_en,1
pacoalvarezc,1
onuargentina,10
pucv_cl,10
c_ritzel,2
consuelovidal6,4
csmje,7
oimcentroamer,43
_alicantec,1
areynagamx,1
b_stgo,1
ce_mariamoliner,1
gaztebulegoabrk,1
pochonavaro,2
cenarsecs,10
casaruizgranel,1
ser_gijon,1
ciudads,2
sahagunfelipe,1
incubadoracba,2
camaracomerbog,43
ieuniversity,5
centroods,439
mx_diputados,2
juancaproano,45
cedint_upm,1
escuelaideo,4
batera2030org,15
solmancr,1
auara_h2o,3
jmguijarrojorge,2
gidyj_cm,1
perezjaramilloa,2
eu_commission,1
andunal,7
ftomillo,1
cmarmolwittgrub,1
qcom_es,4
viniciobuho,1
sajanansa,5
pnudpanama,54
herbolariodoemi,1
conycamelo,2
ashokaar,2
cralicante,3
fash_rev,1
jsaborido50,1
cfdezmunin,2
cvnuevacordoba,1
degren_eu,4
gamsucre,6
pnuduruguay,26
uniovi_info,7
mariaeugeniagay,8
ewtello,1
ibe_unesco,1
es_echazu,3
davidguirao,6
pedroatticus,1
ikermarcaide,1
netlinkgroup,1
oceano_atl,14
wwfcolombia,11
hernan_lagos,2
cherieblairfndn,1
infofbycc,1
oapardo,1
wfp_africa,3
nccalmendralejo,1
acnavascalixto,11
gigapp,2
educacioncan,13
xsolidaria,1
analiapastran,1
faomesoamerica,17
josecdiez,1
inta,1
enusa_sa,2
pnudperu,9
ayuntamientocv,2
centrosostenibl,2
karemsuarezv,7
usfq_ecuador,5
economiajusta,6
fsanzgarcia,18
scebuenosaires,3
ext_jursoc,4
katun2032,2
eubiodiversity,5
pballestermilla,1
anla_col,1
zubilabs,1
fundaciondro,2
slideshare,1
aedeblas,5
cisna_narino,2
oterolievano,1
cciudadanaes,13
gobaragon,4
juan_sacri,1
solan_de_cabras,2
sbibliotecario,11
andres_pina,11
diariolaopinion,1
ebenspain,2
mides_rrii,7
comarcajoven,1
albertvilarino,1
ukri_news,2
igualdadmlg,1
cascosblancos,1
lamunix,2
extravaganza_mk,2
solsogaangelica,1
xalberte,2
dialogoshambre0,1
fasm_es,1
doctorbaylos,1
municircular,1
antoniorodribae,1
sobreruedas_pir,5
infolibre,1
pfernandezalen,1
unicefuruguay,3
ibercajasocial,88
garcia_abadillo,1
amigostic,1
bbvaedufin,2
cooper2030ods,15
leeres,24
educadorav,1
magordilloz,1
unescomost_lac,5
morillabeatriz,1
senniaf,79
rsc_tech,7
bernedox,8
embespalemania,2
silviacarrascai,3
i2impactsocial,2
reas_aragon,8
servimedia,1
ecotvpanama,1
educaciongob,24
rgrynspan,9
ekifundacion,2
iica_europa,6
fmusol,14
embespislandia,1
comunicavalor,1
alliancesdg16,1
cesarricaurte3,1
enlacediario,2
maite_ibanez,8
cvamppueyrredon,1
ajuves_mx,3
marcelabacigalu,2
mitecogob,14
cubaonuroma,3
anayansircamejo,1
ecocampus_uc,5
bridgestone_h,3
metropolis_org,3
nutriclinicacol,7
naiaragg,1
saludcolima,2
maestherec,2
ceciliamichea,6
ubaeconomicas,5
jantbrown_,5
gobcdmx,4
legislaturacba,6
angeles_peres,1
londones,1
unodccolombia,4
inst_humboldt,1
ensgismau,8
spainsif,1
filsantodomingo,12
elmundoes,3
brigittelgb,3
oepm,1
faobolivia,2
sdgactors,3
uocecoempresa,4
a_simooo,13
smartcitylatam,3
bwillaarts,2
plenamadrid,17
plasticsense,2
smartcitytng,2
antsegura,7
jjbockel,6
medcomovamos,9
icefi,9
danielasavid,3
cimmyt,27
dominguezlm,6
icaa_ctes,2
anerr_,1
fundaciontef_ec,2
cmphjapon,2
verizon,1
onuhabitatmex,7
muniposadas,1
unausapr,1
happen_inn,1
espunesco,4
atorralbab,2
deustodbs,6
ifad,1
gfvara,13
proturhotels,7
charlienuclear,1
imjuvemx,6
citibanamexcs,8
a_alonsonunez,1
ciiactua,1
fes_sindical,5
caramayoarce,1
pablorosello,2
icl_foundation,1
uniminutocol,1
comunidadmadrid,2
inettvdigital,1
yerburu,2
alegp1,1
rbnrmz,1
nuevatribuna,5
uned,3
odf_org,1
rtve,4
proarbol_col,56
espaciooei,2
natixis,2
hamletotanez,13
carescurra,5
tudespensa,1
miculturard,1
fundatresmedia,1
machotels,2
universidaducsa,1
soyanais7,5
gemagomezsfn,5
iunida,1
zelfstudie,3
cearefugio,1
isaperezdobarro,1
bogota_su,2
marleonfontes,1
ijextremadura,4
_ortegavictoria,12
sdgaction,10
ctatech,1
usuariosdeinter,2
senadogovco,1
gcuanalo,3
rodrigodelgadom,6
comisionods,18
raquelea,14
elchecoopera,1
scidevnet_al,2
objetivos2030,1
injuvespain,133
jfgesp,4
andresdiputado,1
ebropolis,7
cinulima,19
observ_ucalp,1
apalosjarales,1
ces,1
kaorimutsuda,1
asnabi_,3
vanesarguez,5
alejandromurat,166
unhabitat,13
stp_paraguay,20
dimovill,2
carlosfonzeca,1
mgalardon,6
innovarsenet,1
exploraturio,1
maliux,1
abelprieto11,33
jsegura17,6
secregeneralcut,2
iapem,1
abreurnas,2
librolecturagob,1
mtess_py,6
pwc,8
dgobiernoclm,2
patrimonio_cl,2
fccozumel,5
urambiental,9
aecid_es,57
redagenda2030mx,6
savechildrenes,1
socairenergia,4
mundo_aventura,1
tele13_radio,1
dauravh,1
maggie07060,1
rafakemelmajer,2
ambienterd,6
hultprize,1
cerronaviacl,4
bbva,23
fundacion_once,52
estadoigualdad,3
caldasriosucio,2
jdelasheras,4
camcaroni,1
grunmanagement,1
msmk_,1
sudarin,1
corphumanas,1
conap,4
ajmislata,2
plurales_org,10
sustentia_is,1
infopresidencia,5
medicusmundinam,1
ciespal,7
gcpareto,1
vascoverde,1
rsponsable,3
jessicafaieta,4
cedreac,18
jmnavalon,1
bescolaresgal,1
sissimpm,2
tiempobrasero,7
jjoselitran,1
unodc_ropan,3
serrano_gracia,1
ucamcatedrarsc,2
acciona_org,2
profemerida,1
mariollergo,1
pepebareaarco,2
planclimacity,1
espe_morrison,28
fenedeporvzla,1
gdr_guadix,1
klm_es,5
anacaballeroc_,1
idebschool,4
spainun,7
tecdemonterrey,1
haciendapy,2
unwto,6
crisluqe,8
pactoglobalpy,49
msalnacion,1
fuam_uam,1
chemplastexpo,41
gabri_saiz,1
javiercarranza3,1
charoarranz,3
marudo76,2
juanarizaruiz,1
segibdigital,55
alianzaong,2
carlos_gut10,8
fbuyolo,36
labgobcl,5
camyfund,1
fsjd_madrid,5
kunfud,1
roberto_r_r,13
cecomerciojusto,2
elreparaz,4
taisgadealara,3
facultadues,1
ce4reputation,2
sharecollabco,5
brisafenoy,1
myworldmexico,4
geotermiaa,1
acontraelhambre,1
socialecoeu,1
abgraoficial,1
komunikalatam,3
heroy1,1
apradilla,3
javierjileta,1
camaracantabria,66
minasenergiaupm,6
ahorro,2
redarbolurbano,7
rmcoopera,7
mauriciotexcoco,1
mmancisidor1970,8
rutenca,8
salamandrajoven,1
scompetitividad,4
lauspina2,1
ucomillas,1
juanfbrugge,8
injuvrm,7
pedro_matar,1
accenturespain,2
fiafdn,1
pnudargentina,83
apedrozoacuna,25
haurralde,4
cardiosoto,7
david_s_alvarez,3
steven_ramage,1
viral_mx,2
sefingoboax,1
andres_pedreno,1
juliomulero,1
incubadoraunc,2
unizar,22
corfo,2
josuejimmun,1
karenhaa,3
andrealopezec,2
ciriec_esp,4
sep_mx,1
joelsas,4
noesutopia_com,1
eafit,6
minsaludguate,5
pdctetuan,4
gsostenibleusb,3
abadiaolaia,7
orenciovazquez,1
infoaquona,1
sandaliasonora,21
federicowals,1
rafael_vera,4
frgualdron2,1
blazquezsara,4
watersave6,3
somosagrosavia,2
mejialaalcaldia,7
lorenzojdel,2
greenpeace_esp,1
dosgradosc,1
albertobokos,2
ciriec,1
opsecu,1
gobabierto_mx,14
sandragud,17
junta_ex,5
geocuar,1
diegoisabel1,12
ccbiblio,37
magisnet,1
diazcanelb,2
abc_conocer,1
juanluiscano,13
la_beltrana_,4
alberto_guijarr,6
veraguas,1
aladi_sg,6
el_ictj,4
teiknasocial,2
rubinsteinok,1
aleacostaj,2
parrenolizcano,5
sergiorengifo,1
axaim,3
anambarreira,1
infoagamed,1
ciberyolanda,17
alicanteayto,1
agn_noticias,3
visualfy,14
fundacion_te,1
juventudesecu,2
concemacias,8
arsanestamp,1
miriamleiros,6
felipe_castro,1
adalab_digital,6
fundowncaribe,5
puertodevigo,1
triventoarg,7
ahospinfantil,1
efro0000,3
universidad_pma,12
fundaciondd,4
excelenciacl,3
amanozfundacion,7
agenda2030mx,83
maria_izqr,1
crsjuventud,1
reds_sdsn,33
anatmuro,2
joalher,1
ucmccinf,9
medialabprado,10
afundacion_org,4
fmultitudes,5
baironvallep,94
vivo_sano,1
dirkjanjanssen,1
jpfrankym,2
cepsa_es,1
adelante_ue_alc,6
clgfsg_gmunro,3
technovationmur,14
unicef_edu,2
facebook,2
ups_foundation,1
norismo,1
incluidods,3
onucolombia,18
pacoherashern,1
manpoweres,4
smart_iberica,2
proyectoseda,1
j_murillo_arias,8
dialogosv,2
soypuertomontt,1
uady_mx,4
missylolahuetem,1
upsocialbcn,1
josepborrellf,3
mininteriorar,14
chechamerchan,2
smartlylive,20
laflorestaparla,1
spb_spain,1
juanandresmejia,1
jesus_galiana,1
admon_goboax,1
rafahsoriano,2
lahuertagrande,1
ideasimprscndbl,15
geographica_gs,2
leogutson,7
ceamfundacion,6
elnacionalweb,1
antoniosalort,2
mopsv_bolivia,2
graciajosa,3
ueencolombia,1
ieo_gijon,4
melinaignazzi,1
fundecytpctex,11
theretorglac,1
un4indigenous,2
proantioquia,2
csostenibilidad,24
asturiesxafrica,6
sacasa_u,1
citibanamex,1
itu_ams,5
vodafone_es,3
ecotourgenuino,13
g20org,4
dadepbogota,4
anafergusson,2
letras_ciencia,1
infofuerzatres,2
cg_aranda,2
unfoundation,1
negociosudem,2
criptopasion,1
nahueloddone,62
silviamorimoto,35
onudicolombia,6
francis_cabezas,1
kevin_xx03,1
pisoscom,1
cercaniasmadrid,1
ibercivis,3
minambienteco,4
bidagua,1
gpsalmeron,19
stoptb,1
lucinthe,1
aguasandinas,1
hacesfalta,9
feminismoinc,4
grupourbegi,2
mirexrd,169
uniceflac,6
emmanmorley,4
acbj_ok,2
desdelacorolla,23
mamorpla,1
tecniberia,1
emoctezumab,1
fonaes,1
oxfamvitoria,1
redchilega,6
eldiarioes,25
basecgeneral,7
azoubig,1
uimunicipalista,7
julitosh_xxv,2
fminoticias,1
bbvamomentum,2
fesquel,1
escuelaene,4
cdseaehu,3
presenterse,11
capitancook,3
ppd_argentina,1
nino_mundaca,28
asoc_el_duende,2
machucaire,1
mundoobrero,1
endesa,8
menaiaretti,4
ccfcoficinapy,3
rr_salud,1
javierlazcanov,1
begonacabanes,3
enelgroup,2
elenaestavillo,1
f_f_ambiental,27
eliasjosez,1
programasue,1
rnfrstall_latin,28
imperdiblecotec,33
paojma,1
envirall,6
empresarialarg,1
onumujeres,90
hannahabdull,5
sumainnova,1
wfp_es,4
marianopinedo,1
cajaruralsur,8
sgcity50,3
revistaekos,5
alcaldia_ss,4
festivalmueca,2
ibercide,2
juventudods_rd,1
getafejoven,4
aclemarcos,1
jrvaquero,7
pablocasado_,10
ueenchile,6
marketingactivo,9
pnud,60
pnudbolivia,13
pnudcolombia,25
easempervirens,1
colegional_mx,1
diario_eha,1
personeriamed,11
galiciasostible,15
ipfisica,1
serranosaprensa,1
senacyt,4
unmgcy,1
lpajin,8
ciclo_turixes,1
unglobalcompact,1
elizabsalazar,20
rioja2,1
vevichi,1
mindetransporte,1
conacytparaguay,1
nievescout,3
cecc_unam,5
ecojesuit,3
formadosecuador,9
lgomez4,4
movilidadmerida,1
iomatun,1
socialcolectivo,1
noeblanch,2
fervilchismx,2
undp,6
rocktechmx,2
lifeadaptamed,6
bogota,1
nodohidalgo,1
ibgecomunica,1
m_luzortega,8
senado_ba,16
theglobalgoals,9
elenabou13,3
edu_ambiental,16
asun_martinez1,6
silbia05,17
innovarcs,1
cogersa1,2
dhowellseo,1
andaluciajunta,8
oratoriapanama,11
dane_colombia,8
ucam,3
pnudcr,1
euinbcn,2
tudcn_rscd,4
adsangbcn,1
congresoszgz,1
teachsdgs,25
chuntalmunia,4
sellinuruguay,4
anibalgaviria,3
bogotashapers,2
unfpaecuador,3
iinoea,1
opds_gba,21
cruzrojamadrid,18
diegoconesa,2
oij_digital,17
innovactoras,5
mgg_2012,10
danielsampero,1
aecid,10
fao_colombia,53
portafolioco,1
isabelon,9
320cym,1
cop25cl,11
alexcallejas_l,1
inamujeres,3
tispain,7
mares_madrid,4
fmdelac,14
mep_cuba,1
linamunozavila,10
derechouba,1
eriko_florespz,123
1a_ingenieros,3
banconacion,1
lowcarbon_city,11
cmmlkcuba,1
capaco,1
araban_es,3
ivanduque,3
cebek_,4
gonzalotroncoi,1
catrinsolidario,1
psoe,44
fselectiva,4
claudiashein,1
rscresponsable,4
uaeh_oficial,1
bcorpspain,1
bosqueurbanoma,6
cmdmexico,6
juanespadassvq,1
susanafinger,8
anaconesa_hr,2
democraciaecon1,1
unodc_mx,31
unisinumonteria,3
upm_innovatech,1
eclac_un,3
asunseo,31
jcgomvar,2
onu_rd,3
ipbes,33
joselujanrector,2
conikahn,5
futurolatinoame,1
itd,5
catycvilluendas,2
isabelstmalo,4
uppi_cl,3
cepal,11
profenturismo,2
cuevasramon,7
juancarlosgp_,3
pedrolisbona,1
_acabanas,4
oppuruguay,22
iki_mexico,2
fenacoreoficial,5
ilo,1
ambientenacion,1
pitcnt1,1
gipuzkoademoda,2
sumarse,8
utu_uruguay,2
bogotafw,3
involucratec,1
redestatalaps,3
nicolasuribe,1
educacniie,55
enpiemunicipal,1
unionursula,1
fasocide,2
cepadbolivia,7
industrialesupm,3
fcc_group,4
ciudades_demx,6
bibcapregion6,2
cscae,1
impacthubdf,3
coideso,2
faoenespanol,11
extinctionrebe2,1
pnudsv,13
luisemmanueldch,2
moncasidealvear,8
juancamunoza,1
agimapeople,1
asteiner,8
intendenciarm,1
unicefgalicia,1
damionapotter,1
oscargonzalezlc,6
sdsnandes,3
lugueylinn,2
cosmocaixa_cat,1
gssangabriel,2
mincex_cuba,19
cruzrojamostole,1
saa_sem,3
copade,4
2030agenda,11
cmnucc,57
socialabuy,41
ecogestiona,2
meliabilbao,1
tosgriju,6
puntoco,2
aeropuerteruel,4
carmenpinan,7
luisplanas,5
sararomero333,2
onumx,15
cvcongreso,1
capacitacionfao,5
procumedia,1
techreview_es,1
embacubaholanda,1
oru_esp,10
munirosario,1
sustdev,3
cristobalfdez,9
pepabueno,1
lorenzomorales,1
isostenibilidad,77
egobuniandes,1
sostamb,4
agenda_empresa,38
ftelefonicamx,1
antalis_iberia,2
grupoais,27
_alecandia,1
marita_unicef,7
caoberta,1
jorge_huacho,2
estefaniarodero,1
nasco_ict,5
unafamilias,1
icacoop,3
fculturadepaz,1
ywp_spain,2
basf,5
senadoesp,7
ciberoamerica,1
ongdsed,6
natgeo_la,2
nhkodex,1
jcmarreroleon,1
tanyastreeter,1
uataeandalucia,1
aca_ciencia,8
lorerecabarrens,6
economiauandes,4
laurafolgado,9
soyqubo,3
cclimatico,2
depo_es,2
anaperu,1
un,37
informaria,4
cubaminrex,128
estefaniajoaq,27
hugonopo,5
anep_uruguay,2
ardillita,1
machinebone,2
club_excelencia,2
uneroficial,1
fronteraenergy,3
con_creci,6
loyolaecon,7
beamayor21,1
cgar_goboax,1
cortsval,1
ungeneva,2
analitica,1
andystalman,30
sylvianeresoff,2
oecdinnovation,2
mariaescesc,6
hgarcia42,10
seo_birdlife,3
signifyespana,1
unitedwaypanama,3
presidentecafm,2
domingopeppo,11
inkamattila,10
fgp_etsime,1
catedra_rsc,58
slowfashionnext,1
industriacame,2
enssib,3
cosmocaixa,54
seremieduciii,1
shepleygreen,3
iidma_ecolaw,2
dkambargentina,2
shopping_delsol,4
metropolitansch,1
thenestspace,1
emebrea,3
gobiernodesc,1
carmecarrion,1
bolsadesantiago,1
lorohomero,1
cesrnunez,2
calabria,1
radiorecabarren,3
transparentegob,1
joseagceledonio,4
plus_socialgood,1
giandradep,4
telefonica_col,4
pimec,1
galmarinim,3
aps_asturias,1
agustinvitorica,1
bcmpsoe,11
karmelelo1,1
nonyherzfeld,2
iige_ec,1
munibertsitatea,6
geminisrqr,3
ayto_aznalcazar,1
selvasdominicos,2
gullon_es,3
mariaal30235559,2
antonioguterres,5
eligeeducar,1
gonzalofanjul,1
vicmunro,1
jacobpetrus_tve,15
tcomfenalco,1
bgmps,1
argnarrada,3
virginiagalvin,1
bibliotecassnbp,2
juventudclm,1
_marcos_martin,17
bravopuldain,2
compromisoclima,5
lagarbancitaeco,1
minagcuba,1
elenamiama,2
jaalcalae,1
ilopeztriana,1
cenacedac,1
solvaygroup,4
famsi_solidario,25
sacuellarg,1
pablofarfan,10
albertoguajardo,1
renfe,1
saintgobaines,7
iu_madrid,1
fehmallorca,23
observatorioc,4
ucpy,1
prishdez,1
soziablees,22
fun_realmadrid,1
umu,56
markova25,1
sdsnyouth,1
aclimaeuskadi,7
trevormundel,1
dresponsable,2
inguniandes,28
usoconfe,19
la_upc,3
izanguerrero,15
frontierecon,1
ambiente_ec,1
fas,1
casareal,4
lolapardo,2
cuid_uned,9
uhemisferios,4
ceads_ar,46
wradiocolombia,1
fphvarg,5
ceipmelquiades,6
unemadera,7
_caritas,1
newtonfund,1
kukupu_,1
torrejuanaost,1
aytomostoles,4
economicasumu,36
puentes_global,4
int_idea,1
nassarmariana,17
irenem_cg,1
uembpy,2
elasombrario,7
jcoulon,2
fedesarrollo,1
lacesindustria,2
katakijano,1
fundacionin_,2
manolobellido,1
amazoniaec,1
faoargentina,10
ucnrevistas,4
citnova,1
rjaureguia,2
clopezcorrea,3
fycma,7
hacesmas,1
jessicayoung05,4
miguelxq0,2
wwfespana,33
fundatun,1
vmanulm10,2
faohonduras,2
melainscow,1
cipactlychef,5
desafiolasrozas,2
concausa2030,1
pfenicia,1
utecuy,1
catinagui,1
la_ser,18
cruzrojaesp,11
pablobarrene5,1
plataformadeong,21
minrel_chile,3
colnud,6
cruzrojaalava,2
shellvenezuela,1
mdelacu,2
aena,7
mjgsm,2
oitamericas,2
iicanews,1
innfin,1
cajadeahorrospa,1
craelvalle,5
tuvozalmundo,4
ucarabobo,1
caminomoya,3
opengovpart,2
isabelgarro,6
uclglearning,2
bancoguayaquil,4
presidenciapy,2
elpaissemanal,1
miguelsoberonm,16
baesblockchain,1
generalviamonte,4
asobancaria,2
blancamiedes,5
acoide,5
manelalcaide,18
pablozambranoa,2
cronistacom,10
vicentegueonc,3
wfp_ecuador,1
accionverde,2
josemanugb,11
fundacionbequal,52
forumofregions,4
gcalerod,6
elsurcl,1
infoscholas,3
sumaalicante,2
ods_lab,1
ximenaordenes,1
biosierra,2
macjl_uc3m,6
agenda2030peru,10
anticorruption,1
bibliotecacepal,41
ucavila,2
cepyme_,39
senpladesec,1
hogaresverdes_o,3
citizenibm,5
jesus_tortosa,4
oievoz,3
agcichile,2
ivillalbapy,22
sandrallobell,1
dipwaltercorrea,1
sincroasesores,2
fiiapp,8
cfkargentina,1
asgoju,1
iomchief,1
carlos_salle_ib,1
caixabank,7
rnuevomundo,1
rfarreny,1
ongawa4d,5
eapnmurcia,8
youth4gg,2
alejandrarojo81,1
unioneuropeard,4
irmaamaya_,11
translatorswb,8
diariodeca,3
mareikeeberz,8
xmastv,1
faosdgs,2
gerenteco,2
cjustotds,1
nenulo,1
universidadcjc,4
onusidalatina,21
usepastrana,1
sabadoverde,2
esiceducation,1
unescoicts,3
gizecuador,3
unglobalpulse,7
arte_con_causa,5
urbanabanana,1
populares,6
pspv_cs,35
cpfuencisla,1
larilari9210,2
ingridastiz,2
unwebtv,4
baemprende,1
odilerf,9
ueapch_quito,1
contxaruiz,2
yadire,1
ivanojedapy,20
brunorguezp,695
stemtalento,3
cruzrojaprovtfe,15
activadoresods,1
alcampo,1
consejomovpue,1
nesta_uk,1
mabeaz,2
davlafuente,1
tercersectormad,3
claudita_cleme,6
cachitriel,1
mariuvidal,1
aguarda_es,2
intcolonia,1
jleube,5
presidencia_ec,1
conaf_minagri,1
editorialjus,15
manosunidasongd,8
culturarsc,28
acciona,1
imuroben,1
cabezondepisu,1
cgtrabajosocial,3
kanciller,1
fundacioncd,2
la_biotika,1
europapress,3
miambiente_hn,6
techo,21
aktibatu_gap,1
intecocr,1
angiegpizarro,3
cre_emergencias,1
ship2b,1
metrolibrepty,1
noruegaenchile,1
vepicacorp,1
javiergregori,1
japeyyucatan,4
moodyscorp,1
luisfepu239,2
miambientepma,17
saralmunia,1
publico_es,3
laurabasaganya,5
cfemx,3
sinmapa_net,1
mmeioambiente,1
memobarba,1
cidobbarcelona,1
sdgoals,1
vitoriagasteiz,1
congreso_es,4
imbego,1
ingenieria_esp,1
colnudatlantico,7
clusteraeice,2
_cepaz,13
bid_ciudades,3
proyectosambing,2
unmigration,34
centroalba_,4
artiumvitoria,1
rtvcyl,9
ukinvenezuela,1
observatoriors,7
mcibanezh,1
mimogutierrez,1
cpiaoficial,5
alcanzandohoy,1
rgkirkpatrick,5
problemas_eco,8
revistamyt,1
sdgworldtour,2
antolin_oficial,3
josluisnicolau1,3
fao,11
retailactual,2
megadicto77,5
innolid,3
prohumana,1
nelsonarguellez,4
beatriz_ovejer,2
borja_monreal,1
tgwdigital,3
knaufinsulspain,2
iesbenlliure,4
sector3net,1
isabelssouza,7
ibseroficial,2
jmmoller,1
betorgp,2
oecdeduskills,2
arnaudperal,26
corparques_,7
valkiriahub,7
intasanluis,6
guyryder,1
ismercosur,29
otpfreelance,2
pontimari,1
hic_al,3
brunotsky,1
aytosiguenza,1
pbalet,1
vnubolivia,5
versuserwin,1
andarlento,1
dw_espanol,12
consortiumlg,3
vialgonzalo,1
universosanti,1
manuelbonilla94,24
cs_murcia,1
gmunozabogabir,7
cientti,6
drotorrent,42
oeiarg,9
chmardel,2
mastrangeloa,1
konsac_group,1
manuel_bruscas,1
edna_guidi,8
oquimarf,1
xarxamujeres,14
metropolimid,1
agenda2030,1
fridays4future,1
popularesmurcia,1
abb_spain,1
anxisal,7
fortunata_2030,10
r_malmierca,137
odscolombia,13
anselmopestana,14
pnudlac,16
faquae,3
medioambientelp,6
iesataulfoargen,3
dianexgutierrez,3
lise_kingo,2
jlgurquiza,1
tu_incognita,1
uicmadrid,7
mj_murciano,3
frdelpino,1
unican,8
epson_es,1
abc_ciencia,2
anarodriguezc11,1
ethichub,9
aytovalencia,1
infoveganized,1
unadenred,1
margaritacdf,6
wilcheschaux,2
sdgfund,1
mentoresde,2
nodesperdicio,8
accionods,16
ecoitalia1,6
clubdelecturauy,7
funddateces,16
nomasdnet,2
fondocancoopera,11
cads_espol,3
seremieduc_xii,1
uribegaviria,2
mirova_ri,1
rebeca_gamar,2
cibervoluntario,17
compromiso_empr,3
teccampusmty,1
zoiloriossa,10
antena3com,1
camilomontes,1
tv_fuego,1
ballenablanca_,1
selphinia,4
pnsdgob,1
unizar_titulors,1
ibm,5
innovatalk1,4
josihg,1
fvicenteferrer,1
segeplan,1
ajuntamentsab,1
paradores,13
mcperdices,5
smiguenz,1
mateoledesmab,1
sdsnmexico,4
brunoinarra,1
fcopalavicini,1
cncgusaid,2
zetadj,1
erna_solberg,1
onuguatemala,2
o4innova,2
alpedreteayto,2
beadeandres,1
juanantonio_rr,2
sancarbajo,1
libera_ong,3
sopasypostres,3
uscib,1
civicanfcn,2
anxoqueiruga,1
martapinam,4
cisunl,2
bcnargentina,3
gobiernosalta,1
piensaverde_cl,1
radio102nueve,1
konhector,1
dortizllargues,3
arpassv,1
wbcsd,6
andreadetjen,1
juancazorla,1
aran_acha,1
cerqana,1
opsoms,1
agenda2030esp,1164
janaveros,7
alejandranaser,1
richiecastillo,2
soniaroiggomez,5
ine_chile,5
ogr_mx,1
aldeasespana,42
mrrivasmanzano,1
javierggg,1
bidinvest,12
creativehandic1,1
ceutaldia,2
giticunl,1
m50mid,1
desclabcol,2
core_woman,9
fibraunomx,1
alterconsumismo,1
semarnat_mx,4
skypeclassroom,1
mnvonumujeres,1
nestlemx,3
ferrisssss,2
joseamartin1963,1
riod_oficial,9
bio_prog,1
randstad_arg,1
melikaedquist,1
luksbarrero,1
ineavalladolid,3
snasarrea,1
fundacionuady,4
resonnancees,2
ramiropluna,1
cdh_defensoria,3
malagaep,1
pactoglobalperu,6
iccwbo,1
cbchileag,3
huercasa,1
imadescol,1
fao_agroecology,1
mali_serrano,10
bogotacomovamos,1
casa_valle,1
unep_fi,2
universidadcr,5
dscyvecatepec,1
noelzemborain,5
ideacioncanal,7
uclg_saiz,3
i_emprendedores,3
madridemprende,1
impacthubmad,12
marygomezbenito,3
unesco_iesalc,2
coopsdetrabajo,4
reforestamosmx,2
vocesvitalesar,1
aqualia,6
apccolombia,3
crfger,7
nacionesunidas,1
drcafta,1
inafed_mx,23
carlota713,4
giz_gmbh,3
davidyepezy,1
allcot_noticias,1
juanciudadongd,1
imserso,1
cti_frmx,1
ilclatinamerica,24
itauchile,1
monibrivera,1
vanesamas,7
elpublicistacom,3
lacasaencendida,26
ps_digitales,69
informaticaumu,1
agenda2030oax,3
antaeugenia,2
grupo_cice,3
cncps_oficial,46
normanwray,1
czaldumbide,11
unicef_es,4
lamepitagr,1
uicn_sur,2
psoesostenible,2
potyambienturas,1
jovesolides,7
rappicolombia,1
gesiuris,3
cincodiascom,4
abbencolombia,1
alejandraparisg,1
planb_group,3
red_movilidad,12
camilosanchezo,1
imordoche,2
compartamoscol,2
girlsnotbrides,2
1alvaropop,6
lopezobrador_,3
plemonche,1
anylamch,3
aqua_vall,4
feiipe_castro,21
sharec,1
bremenhotelspa,1
aodenicholls,1
gri_secretariat,3
ousmanumar,11
inspirecitizen1,1
bioeconomia_web,1
empresasresprd,3
marcecake,6
abanca,1
bbvadata,5
sotilloescolapi,1
inspiractionorg,8
corewoman,2
redciudadanasev,1
csreuropeorg,2
ctoledotorre,2
acefep,4
circuloverdees,1
weall_alliance,1
miquelcarr,3
movillegasc2,3
pazydesarrollo,2
apscvalenciana,6
mides_panama,17
oneyoungworld,9
acuario,1
cadizginebraen1,2
mas_business,5
carlossaizvale,1
sofiastweets,2
feria_eco_mzn,4
fundacionceu,2
matejcre,4
pactoglobalecua,56
gabrielferrero1,11
afajardoa,1
yola_martinezl,3
sensiceular,4
emprendec,1
elcorreografico,2
luca_d3,16
iebusiness,4
el_bid,11
empodera_org,3
teresaribera,15
mtecogob,2
josealemosquera,2
wbg_ida,1
bancomundial,2
carlossmato,1
palomapu,2
udc_gal,1
galizasencarbon,2
edadyvida,1
ruben_castro,3
comsostenible,1
rociomsampere,1
acuariodegijon,1
dsocial_gob,3
david_ccss,7
trampolinsolid,1
cienciapty,1
ed_hawkins,1
vice_ec,14
aprenderjuntos_,2
maderatono,2
ujiuniversitat,1
oceanicas_ieo,5
_infolibre,18
mopcparaguay,2
viceintercut,26
lflopezcalva,19
eurefresh,1
gatesfoundation,2
2030comunicando,1
emprenemjunts,7
bkliksbergok,1
fsancebrian,2
rrhhpress,1
rubendmarquez,10
noeliamunozucav,4
unicefargentina,14
cnrchile,1
onuvenezuela,1
maecgob,12
conacyt_mx,1
rosamcanton,1
andreasanhuezae,2
jguaido,2
mcampobernal,6
elcolombiano,1
fmapfre,2
virginiaverder1,1
cruzrojamurcia,1
redaccionclub,5
riojaforum,10
bayer,1
servird,1
upv,4
rrhhdigital,1
usaidmx,1
knitandb,1
mxconenergia,1
julioeisman,1
miticpy,7
oeiecuador,1
conphasoficial,1
marcosgonzalezm,39
cafmadrid,2
coamalaga,2
muni_ilopango,1
gabinetehn,8
sic4change,21
senamagob,11
vcuevas,1
contugas_sac,2
aggangutia,1
mdm_navarra,1
unescoquito,1
aepvburgos,1
csecundaria,1
cearmadrid,1
rafavelazquez7,5
menosesmax1,2
gisseladavilac,5
empower_women,1
rosillorn,1
zafrainvestiga,3
atellogimeno,5
bcn_radio,1
peicomovamos,14
mimyvalencia,5
saltaturismo,1
ligaeducacion,6
faoguatemala,15
ceciliaguemes,14
eacnur,9
feacem,12
yissi89,1
crecantabria,3
nicetoeatyouapp,2
soymarianegro,5
maquita_cjusto,1
triciclosb,10
unlp,2
pilarrangel69,3
samiosda,1
indeleblesocial,5
nlagroespana,2
crifacacias,9
aleadershiporg,3
manuelmunizv,2
agrocuandu,1
rockbotic,1
scouts_edm,4
mrf931024,1
umuodsesiones,23
instagram,1
sindical_cl,3
xaragay,6
climatekicspain,4
anaip_es,2
thelmabel,1
jcaiceo,1
vnuecuador,23
basf_es,29
miriadax,18
baprovincia,9
cajavivacrural,3
rc_espinosa,12
gobcachapoal,1
fiis_es,1
clgf_news,3
sdg2030,2
aepd_es,12
lapazalcaldia,4
yairarincon,1
undesa,3
trinesssd,3
creasimpacto,1
bifzag,9
biblioeliana,6
jborjon1971,1
excelenciacip,1
pernod_ricardes,1
ull,3
cinupanama,24
mmm_academy,2
seremieducarica,1
revista151515,3
karolarambula,1
seae_agroecolog,1
emilsedlt84,27
lolaortizsanch2,10
leap_agri,4
hansvestberg,1
emiiliiaa,3
marta_tomash,3
mayors4climate,1
grupodifare,1
margaritaducci,12
cooperacionand,6
fvarazdin,4
insst_mitramiss,1
uniud,1
evalamalfa,4
lanoria_mlg,22
onu_es,251
pcm_arganzuela,1
mostdesarrollo,3
area7reinasofia,3
camturismoboliv,1
a_redime,5
marcaaf,2
economia_social,3
sgplaco,6
santimalvicino,6
cantabriacoope1,1
onu_cuba,4
abu_uruguay,4
usmapanama,2
senadorespy,2
ssilvahasembank,1
vzapata65,2
cjunqueraab,1
radioudec,3
diarioresponsab,9
unilever,1
rsquito,1
m_emprendedora,2
gasolfoundation,1
vickydavilah,1
cavenal,2
rodalies,1
hrobinsonunpan,3
aecidperu,1
hhhproject,1
prosegur_es,5
trainornoel,1
cismasocialmkt,1
boinablancaucr,1
mec_uruguay,1
oimsuramerica,40
normasune,19
comerciojustooi,1
respsocialue,2
andresperello,2
rafazafra011,18
epmestamosahi,9
barriopolis,5
bicivilizadosuy,8
vanegdmx,5
zuccherinpiera,6
albacetedeleg,1
lacp10info,13
hifasdaterra,1
ahainclusion,6
quartjove,10
aherranz,1
coamss_opamss,2
fbaddache,3
bogotaparticipa,5
aeca_itv,2
malmstromeu,1
bbvaworld,1
icogob,51
ieducativa_upm,5
aliciabarcena,132
bredruel,5
marifelifg,1
cetaqua,1
hectorgeograph,19
rrll_y,2
europeaid,2
cablapalma,14
edisoncor,1
ueuropea,11
vjennyffer,3
fundaesquipulas,7
inapargentina,1
manhurtadofer,26
jm_yturralde,6
gulliverchile,6
shapersmedellin,12
maristas_cnsa,1
prontouy,7
ppradio919,1
jcastillonav,1
rse_extremadura,1
asuntosinter_ch,1
coviar1,1
delphinor_,1
group_381,4
agoraabierta,2
pactoglobalarg,11
materia_ciencia,3
jplirab,1
aolveira81,2
reverdeconcausa,100
iagua,1
socialforest_eu,3
smagroruiz,9
rolando_cordera,1
lavanguardia,2
noticiasnavarra,1
unes_elsalvador,1
antoniocarlors,1
mncncomunica,1
clic_koala,12
seiasa_oficial,8
raftuts,1
fundcorona,4
sedesusinaloa1,1
yayo_herrero,1
leap4fnssa,1
arteagamireya,4
acnurspain,9
tonyvives,5
zacostarubio,2
eotlcantabria,9
arieloviedo,2
vaurani,1
unodc,10
coneppanama,5
cigualdadgenero,6
dannynorona,1
citix_es,4
elconfidencial,6
bifeiring,12
googlemexico,1
onuhabitat,71
jaimehdezamin,1
nuriasamper1,1
tomasramos22,6
padresforfuture,1
sdgbizforum,1
eistrupmathias,1
unrisd,2
beatrizbecerrab,9
noraluziok,1
uclm_es,3
grupovanti,2
tecnopolisarg,1
etsiaab,1
leohernandez_,4
andreaobaid,2
lailab78,1
pnudparaguay,20
fredyrod86,9
ecointeligencia,5
barriolapinada,5
juventudxclima,1
sernecesario,7
hans_ebeni,1
uemadrid,1
aina_calvo,1
regiondemurcia,6
flacsoec,8
mujeresigualdad,1
desdelamoncloa,61
enmondragon,1
minvivienda,9
microsoftedu,1
felixatena,3
javiermoleroseg,1
involucraodscyl,2
gheraldyr,1
pime_al_dia,1
kevindecuba,1
gonzalezhuesa,1
psanabria,2
aliciaocaso1,3
anconorg,2
ecuadorencifras,5
fravm,1
unnetec_innovar,1
anagascon2016,28
cogersaelena,1
provive,15
geocensos,2
mobilitycity_,1
suezamcentral,4
juancanavarro,2
corresponsables,338
cocemfe_,2
oecd_local,2
yabts,7
dhumanosba,2
flowalistik,4
cosmoaccion,87
flacma_,3
madridenpie,1
onuchile,15
fundacionetea,2
munimaullin,1
nebrija,1
nikolajcw,2
patcuenca,1
miquelg_benissa,3
cipenza,1
fesbalsv,1
aiesec,1
aytoburgos,1
cofares,2
camaracolombia,1
joaquinaraujo,1
agaviriau,52
molakarla,1
asocdirse,7
metrodesantiago,3
ceip_santarita,1
pnudecuador,35
bpmmadrid,1
cepal_onu,758
unece,1
educacyl,10
pnudrd,2
paulkrugman,1
manesalamanca,4
wfp_cuba,1
uamericana,2
lucycordoba,3
byzness_zeta,2
rockwool_es,1
elcomerciodigit,1
poetopiaorg,1
ciudadanoscs,5
elpais_espana,3
cruzrojamorelia,1
pachomanjarres,1
bigdatacol,2
miguelmirapm,1
somossannas,11
usaidguate,4
accimmyt,27
pablosotoca,2
redunitas,2
urtubeyjm,1
colegioherma,2
pespinosac,3
karlaenaccion,4
perlaigua,2
aspb,1
goyograterol,1
oit_es,4
bbk_eus,3
fabianhevi,13
mdcriteria,5
eleconomistaes,2
afschile,1
onumujeresmx,185
fundaciongonchi,5
ferodrui,6
cgt_peru,1
shaidabadiee,5
globalspotlight,2
dragoneslvpies,2
_cje_,16
cristinagallach,192
clrr_dua,1
aandreup,1
fundaciongn,3
hero_spain,15
dnp_colombia,33
forbes_es,1
gimeranezem,1
director_idpac,1
frubricatus,5
gobjccm,1
faonicaragua,1
transitobta,1
anxelesvazquez1,4
josebarbosac,1
gemaisanchez,3
pilarjurado_,1
s2grupo,2
ocd,1
nrgiesp,1
marudipaola,6
adif_es,1
ilcelsalvador,5
luiskankui,1
cme_es,2
asopesmaaso,1
marinadefrente,3
ashes_to_life,5
disciudad,8
fapodsup,1
