Aplicacion,Cantidad de Usuarios
Twitter Web Client,1186
Twitter for Android,1121
Twitter for iPhone,750
Hootsuite Inc.,408
Twitter Web App,208
TweetDeck,188
Metricool,158
Social Media Corresponsables,115
Buffer,107
Twitter for iPad,63
IFTTT,45
Instagram,32
Facebook,30
LinkedIn,30
Social Management RT,24
Sprout Social,22
WordPress.com,13
Twitter Media Studio,12
Falcon Social Media Management ,11
Twitter Ads Composer,8
Salesforce - Social Studio,6
SocialGest,5
DogTrack_Oficial,4
Sprinklr,3
HubSpot,3
Tweetbot for iÎŸS,2
Twitter Ads,2
AgoraPulse Manager,2
Percolate,1
Twittimer,1
LaterMedia,1
Echofon,1
Politwoops,1
Social Media Publisher App ,1
Spredfast app,1
RecurPost - Social Scheduler App,1
Tweetbot for Mac,1
